"ID","Description","GeneRatio","BgRatio","RichFactor","FoldEnrichment","zScore","pvalue","p.adjust","qvalue","geneID","Count"
"R-HSA-418885","DCC mediated attractive signaling","2/25","14/11287",0.142857142857143,64.4971428571429,11.2003273055895,0.000421688942803756,0.0387981121783634,0.0349477627372532,"84448/7204",2
"R-HSA-2214320","Anchoring fibril formation","2/25","15/11287",0.133333333333333,60.1973333333333,10.8088514631967,0.000485903878917933,0.0387981121783634,0.0349477627372532,"1288/1287",2
"R-HSA-2243919","Crosslinking of collagen fibrils","2/25","18/11287",0.111111111111111,50.1644444444444,9.83505889483588,0.000705153404092469,0.0387981121783634,0.0349477627372532,"1288/1287",2
"R-HSA-1566977","Fibronectin matrix formation","2/25","20/11287",0.1,45.148,9.31009581070788,0.000873306769149889,0.0387981121783634,0.0349477627372532,"1288/1287",2
"R-HSA-9638630","Attachment of bacteria to epithelial cells","2/25","23/11287",0.0869565217391304,39.2591304347826,8.65336370964823,0.00115815260233921,0.0387981121783634,0.0349477627372532,"1288/1287",2
"R-HSA-9931953","Biofilm formation","2/25","23/11287",0.0869565217391304,39.2591304347826,8.65336370964823,0.00115815260233921,0.0387981121783634,0.0349477627372532,"1288/1287",2
